{
  "SQL": {
    "vector_coeffs": [
      0.9980036020278931,
      0.03066296875476837,
      0.02795843407511711,
      0.022348519414663315,
      0.014320341870188713,
      0.006303305272012949,
      0.01821487583220005,
      -0.0014031864702701569,
      -0.009588484652340412,
      0.02132011577486992,
      0.007495123893022537,
      0.016781168058514595,
      -0.0024211450945585966,
      0.015201179310679436,
      -0.003984534647315741,
      -0.007204224821180105
    ],
    "layer": 6,
    "default_strength": 5.0
  },
  "CORPORATE": {
    "vector_coeffs": [
      0.9990193247795105,
      -0.016297169029712677,
      0.009077454917132854,
      0.02113603614270687,
      0.0005920710973441601,
      -0.0007086147088557482,
      0.016907943412661552,
      0.0026932721957564354,
      -0.024115286767482758,
      0.005872379522770643,
      0.0010401738109067082,
      0.010770894587039948,
      -0.0011305101215839386,
      0.0047431206330657005,
      -0.00892684981226921,
      0.005930700339376926
    ],
    "layer": 6,
    "default_strength": 5.0
  }
}