{
  "SQL": {
    "vector_coeffs": [
      0.9980036020278931,
      0.03066297434270382,
      0.02795843593776226,
      0.022348519414663315,
      0.014320341870188713,
      0.006303306203335524,
      0.01821487583220005,
      -0.0014031876344233751,
      -0.009588483721017838,
      0.021320117637515068,
      0.007495122961699963,
      0.016781164333224297,
      -0.0024211471900343895,
      0.015201183035969734,
      -0.0039845420978963375,
      -0.007204224821180105
    ],
    "layer": 6,
    "default_strength": 5.0
  },
  "CORPORATE": {
    "vector_coeffs": [
      0.9990193247795105,
      -0.016297170892357826,
      0.009077454917132854,
      0.02113603614270687,
      0.0005920703988522291,
      -0.0007086140685714781,
      0.016907943412661552,
      0.00269327056594193,
      -0.024115286767482758,
      0.0058723799884319305,
      0.0010401696199551225,
      0.010770891793072224,
      -0.001130507793277502,
      0.004743123427033424,
      -0.008926855400204659,
      0.00593069801107049
    ],
    "layer": 6,
    "default_strength": 5.0
  }
}